<xml xmlns="http://www.w3.org/1999/xhtml">
  <variables></variables>
  <block type="set_speed" id="X71jQ{06z{6#%Xldfg4a" x="288" y="38">
    <value name="value">
      <shadow type="math_number" id="|amj^A05y.L0~0=#NJez">
        <field name="NUM">50</field>
      </shadow>
    </value>
    <next>
      <block type="move_to" id="yJ#m2-IDTs!(:xJ|nWGY">
        <value name="position">
          <shadow type="position">
            <value name="x">
              <shadow type="math_number">
                <field name="NUM">0</field>
              </shadow>
            </value>
            <value name="y">
              <shadow type="math_number">
                <field name="NUM">150</field>
              </shadow>
            </value>
            <value name="z">
              <shadow type="math_number">
                <field name="NUM">150</field>
              </shadow>
            </value>
          </shadow>
          <block type="position" id="BxA~Az:w*DW)7d7[KiiI">
            <value name="x">
              <shadow type="math_number" id="#XGAL$hyeH-s+j}dq.6s">
                <field name="NUM">150</field>
              </shadow>
            </value>
            <value name="y">
              <shadow type="math_number" id="KD;Qecm4et*xKsJ?R}S;">
                <field name="NUM">0</field>
              </shadow>
            </value>
            <value name="z">
              <shadow type="math_number" id="w+:90N$l|j5mI32N(8;5">
                <field name="NUM">150</field>
              </shadow>
            </value>
          </block>
        </value>
        <next>
          <block type="wait" id="PGvFS1obYns^+(gMD=4M">
            <value name="sec">
              <shadow type="math_number" id="Nfx}9.q_LieN:-@{i2Gb">
                <field name="NUM">2</field>
              </shadow>
            </value>
            <next>
              <block type="set_speed" id="=yGQ5Lh[OL0)q?aj5)tE">
                <value name="value">
                  <shadow type="math_number" id="Kr%VUB,`XSWY,?QoU!59">
                    <field name="NUM">10</field>
                  </shadow>
                </value>
                <next>
                  <block type="move" id="udkD;8^Dx4b0+.rLJ@(~">
                    <field name="orientation">down</field>
                    <value name="value">
                      <shadow type="math_number" id="mi^7z7,a|D??YqPE;xCK">
                        <field name="NUM">95</field>
                      </shadow>
                    </value>
                    <next>
                      <block type="set_pump" id="MSflV(l/xkEu/ky(`0tz">
                        <value name="value">
                          <shadow type="ON">
                            <field name="on_off">TRUE</field>
                          </shadow>
                          <block type="ON" id="R?JV(s?4`KfIys*I]R7n">
                            <field name="on_off">TRUE</field>
                          </block>
                        </value>
                        <next>
                          <block type="wait" id="POakF3|A^EYfUG]]d56,">
                            <value name="sec">
                              <shadow type="math_number" id="zc]Jx=jw`[BA_!J`!bbu">
                                <field name="NUM">3</field>
                              </shadow>
                            </value>
                            <next>
                              <block type="move" id="cFdi0JPsEx%B*vGZ@N9]">
                                <field name="orientation">up</field>
                                <value name="value">
                                  <shadow type="math_number" id="Btq)rEzV)ih%X1=d9wKv">
                                    <field name="NUM">95</field>
                                  </shadow>
                                </value>
                                <next>
                                  <block type="set_speed" id=".D;CHpDd*~9TKKwUg2qO">
                                    <value name="value">
                                      <shadow type="math_number" id="=M=*d}uIzH0b2G;en;,(">
                                        <field name="NUM">50</field>
                                      </shadow>
                                    </value>
                                    <next>
                                      <block type="base_turn" id="47z^JV?PTd^(zu9wDCg9">
                                        <value name="value">
                                          <shadow type="math_number" id="Rmu8)4?{ybvP(bqz,8!5">
                                            <field name="NUM">130</field>
                                          </shadow>
                                        </value>
                                        <next>
                                          <block type="set_speed" id="GtnmitW*HDLm*;Z^gZs?">
                                            <value name="value">
                                              <shadow type="math_number" id="D0J,:/CRfo~2q9c1#3|$">
                                                <field name="NUM">10</field>
                                              </shadow>
                                            </value>
                                            <next>
                                              <block type="move" id="DQD3FTa2A-Fzpo5Kt{yP">
                                                <field name="orientation">down</field>
                                                <value name="value">
                                                  <shadow type="math_number" id="}ea^!#AIfeE*w^oO/UMF">
                                                    <field name="NUM">95</field>
                                                  </shadow>
                                                </value>
                                                <next>
                                                  <block type="set_pump" id="@Rvhw%wW/_/50AI;bIi@">
                                                    <value name="value">
                                                      <shadow type="ON">
                                                        <field name="on_off">TRUE</field>
                                                      </shadow>
                                                      <block type="ON" id="1q=(z0CM-/zJw$$7zL5c">
                                                        <field name="on_off">FALSE</field>
                                                      </block>
                                                    </value>
                                                    <next>
                                                      <block type="wait" id="dIxJY}4.(pO3Ck^MA5*s">
                                                        <value name="sec">
                                                          <shadow type="math_number" id="p69:5%Xa+cX(u7fQz3]a">
                                                            <field name="NUM">3</field>
                                                          </shadow>
                                                        </value>
                                                        <next>
                                                          <block type="set_speed" id="fmrXr!m!L.E)!_459^DS">
                                                            <value name="value">
                                                              <shadow type="math_number" id="t.A*:71bbDw!7R?*6(CJ">
                                                                <field name="NUM">50</field>
                                                              </shadow>
                                                            </value>
                                                            <next>
                                                              <block type="move" id="kbFzM`IVjTMkirQ5lM-I">
                                                                <field name="orientation">up</field>
                                                                <value name="value">
                                                                  <shadow type="math_number" id="jaDz{(tDm,{`{ma.v`lG">
                                                                    <field name="NUM">50</field>
                                                                  </shadow>
                                                                </value>
                                                                <next>
                                                                  <block type="move_to" id="na_tY`p##`5Md2#3nq*w">
                                                                    <value name="position">
                                                                      <shadow type="position">
                                                                        <value name="x">
                                                                          <shadow type="math_number">
                                                                            <field name="NUM">0</field>
                                                                          </shadow>
                                                                        </value>
                                                                        <value name="y">
                                                                          <shadow type="math_number">
                                                                            <field name="NUM">150</field>
                                                                          </shadow>
                                                                        </value>
                                                                        <value name="z">
                                                                          <shadow type="math_number">
                                                                            <field name="NUM">150</field>
                                                                          </shadow>
                                                                        </value>
                                                                      </shadow>
                                                                      <block type="position" id="~?lv{kR?J{Es3Dht_~|A">
                                                                        <value name="x">
                                                                          <shadow type="math_number" id="3q2[G2I]S4W:_V%_~[^h">
                                                                            <field name="NUM">150</field>
                                                                          </shadow>
                                                                        </value>
                                                                        <value name="y">
                                                                          <shadow type="math_number" id="7AQs2nT5YTbWtH6t(V(R">
                                                                            <field name="NUM">0</field>
                                                                          </shadow>
                                                                        </value>
                                                                        <value name="z">
                                                                          <shadow type="math_number" id="l~4L.rfE.SjF3Y==SsW/">
                                                                            <field name="NUM">150</field>
                                                                          </shadow>
                                                                        </value>
                                                                      </block>
                                                                    </value>
                                                                  </block>
                                                                </next>
                                                              </block>
                                                            </next>
                                                          </block>
                                                        </next>
                                                      </block>
                                                    </next>
                                                  </block>
                                                </next>
                                              </block>
                                            </next>
                                          </block>
                                        </next>
                                      </block>
                                    </next>
                                  </block>
                                </next>
                              </block>
                            </next>
                          </block>
                        </next>
                      </block>
                    </next>
                  </block>
                </next>
              </block>
            </next>
          </block>
        </next>
      </block>
    </next>
  </block>
</xml>